pixel8|phone|Google Pixel 8|google|Google|Pixel 8
pixel8pro|phone|Google Pixel 8 Pro|google|Google|Pixel 8 Pro
pixel7|phone|Google Pixel 7|google|Google|Pixel 7
pixel7pro|phone|Google Pixel 7 Pro|google|Google|Pixel 7 Pro
pixel6|phone|Google Pixel 6|google|Google|Pixel 6
s24|phone|Samsung Galaxy S24|samsung|samsung|SM-S921B
s24ultra|phone|Samsung Galaxy S24 Ultra|samsung|samsung|SM-S928B
s23|phone|Samsung Galaxy S23|samsung|samsung|SM-S911B
s23ultra|phone|Samsung Galaxy S23 Ultra|samsung|samsung|SM-S918B
s22|phone|Samsung Galaxy S22|samsung|samsung|SM-S901B
xiaomi14|phone|Xiaomi 14|Xiaomi|Xiaomi|23127PN0CC
xiaomi13|phone|Xiaomi 13|Xiaomi|Xiaomi|2211133C
xiaomi12|phone|Xiaomi 12|Xiaomi|Xiaomi|2201123C
redmik60|phone|Redmi K60|Redmi|Xiaomi|23013RK75C
redmik50|phone|Redmi K50|Redmi|Xiaomi|22021211RC
oneplus12|phone|OnePlus 12|OnePlus|OnePlus|PJD110
oneplus11|phone|OnePlus 11|OnePlus|OnePlus|PHB110
findx7|phone|OPPO Find X7|OPPO|OPPO|PHZ110
vivox100|phone|vivo X100|vivo|vivo|V2309A
honor90|phone|HONOR 90|HONOR|HONOR|REA-AN00
pad5|tablet|Xiaomi Pad 5|Xiaomi|Xiaomi|21051182C
pad5pro|tablet|Xiaomi Pad 5 Pro|Xiaomi|Xiaomi|M2105K81AC
pad6|tablet|Xiaomi Pad 6|Xiaomi|Xiaomi|23043RP34C
pad6pro|tablet|Xiaomi Pad 6 Pro|Xiaomi|Xiaomi|23046RP50C
pady700|tablet|Lenovo Legion Y700 (2022)|Lenovo|LENOVO|Lenovo TB-9707F
pady7002023|tablet|Lenovo Legion Y700 (2023)|Lenovo|LENOVO|Lenovo TB320FC
tabs9|tablet|Samsung Galaxy Tab S9 Wi-Fi|samsung|samsung|SM-X710
tabs8|tablet|Samsung Galaxy Tab S8 Wi-Fi|samsung|samsung|SM-X700
taba9plus|tablet|Samsung Galaxy Tab A9+ Wi-Fi|samsung|samsung|SM-X210
pixeltablet|tablet|Google Pixel Tablet|google|Google|Pixel Tablet
