pixel8|1080|2400|420
pixel8pro|1344|2992|480
pixel7|1080|2400|420
pixel7pro|1440|3120|560
pixel6|1080|2400|420
s24|1080|2340|420
s24ultra|1440|3120|560
s23|1080|2340|420
s23ultra|1440|3088|560
s22|1080|2340|420
xiaomi14|1200|2670|440
xiaomi13|1080|2400|440
xiaomi12|1080|2400|440
redmik60|1440|3200|560
redmik50|1440|3200|560
oneplus12|1440|3168|560
oneplus11|1440|3216|560
findx7|1264|2780|480
vivox100|1260|2800|480
honor90|1200|2664|440
pad5|1600|2560|320
pad5pro|1600|2560|320
pad6|1800|2880|320
pad6pro|1800|2880|320
pady700|1600|2560|320
pady7002023|1600|2560|320
tabs9|1600|2560|320
tabs8|1600|2560|320
taba9plus|1200|1920|240
pixeltablet|1600|2560|320
