pixel8|Google|Tensor G3
pixel8pro|Google|Tensor G3
pixel7|Google|Tensor G2
pixel7pro|Google|Tensor G2
pixel6|Google|Tensor
s24|Samsung|Exynos 2400
s24ultra|Qualcomm|SM8650
s23|Qualcomm|SM8550
s23ultra|Qualcomm|SM8550
s22|Samsung|Exynos 2200
xiaomi14|Qualcomm|SM8650
xiaomi13|Qualcomm|SM8550
xiaomi12|Qualcomm|SM8450
redmik60|Qualcomm|SM8475
redmik50|MediaTek|Dimensity 8100
oneplus12|Qualcomm|SM8650
oneplus11|Qualcomm|SM8550
findx7|MediaTek|Dimensity 9300
vivox100|MediaTek|Dimensity 9300
honor90|Qualcomm|SM7450
pad5|Qualcomm|SM8150
pad5pro|Qualcomm|SM8250
pad6|Qualcomm|SM8250
pad6pro|Qualcomm|SM8475
pady700|Qualcomm|SM8250
pady7002023|Qualcomm|SM8475
tabs9|Qualcomm|SM8550
tabs8|Qualcomm|SM8450
taba9plus|Qualcomm|SM6375
pixeltablet|Google|Tensor G2
